[{"line":1,"elements":[{"start_timestamp":"2025-03-21T09:13:30.989Z","before":[{"result":{"duration":2228235500,"status":"passed"},"match":{"location":"com.JpetStore.stepDefinitions.Hooks.beforeScenario(io.cucumber.java.Scenario)"}}],"line":2,"name":"Verify the home page links and title","description":"","id":"home-page-verification;verify-the-home-page-links-and-title","after":[{"result":{"duration":172574400,"status":"passed"},"match":{"location":"com.JpetStore.stepDefinitions.Hooks.afterScenario()"}}],"type":"scenario","keyword":"Scenario","steps":[{"result":{"duration":13657400,"status":"passed"},"line":3,"name":"I navigate to the JPetStore home page \"https://petstore.octoperf.com/\"","match":{"arguments":[{"val":"\"https://petstore.octoperf.com/\"","offset":38}],"location":"com.JpetStore.stepDefinitions.HomePage.i_navigate_to_the_j_pet_store_home_page(java.lang.String)"},"keyword":"Given "},{"result":{"duration":16564200,"status":"passed"},"line":4,"name":"I verify the page title is \"JPetStore Demo\"","match":{"arguments":[{"val":"\"JPetStore Demo\"","offset":27}],"location":"com.JpetStore.stepDefinitions.HomePage.i_verify_the_page_title_is(java.lang.String)"},"keyword":"Then "},{"result":{"duration":769111200,"status":"passed"},"line":5,"name":"I Enter to the store","match":{"location":"com.JpetStore.stepDefinitions.HomePage.i_enter_to_the_store()"},"keyword":"And "}]}],"name":"Home Page Verification","description":"","id":"home-page-verification","keyword":"Feature","uri":"file:src/test/resources/features/HomePage.feature","tags":[]},{"line":1,"elements":[{"start_timestamp":"2025-03-21T09:13:34.296Z","before":[{"result":{"duration":1968562800,"status":"passed"},"match":{"location":"com.JpetStore.stepDefinitions.Hooks.beforeScenario(io.cucumber.java.Scenario)"}}],"line":3,"name":"Validate product details","description":"","id":"product-details-page-validation;validate-product-details","after":[{"result":{"duration":180760100,"status":"passed"},"match":{"location":"com.JpetStore.stepDefinitions.Hooks.afterScenario()"}}],"type":"scenario","keyword":"Scenario","steps":[{"result":{"duration":1060558800,"status":"passed"},"line":4,"name":"I navigate to the homepage","match":{"location":"com.JpetStore.stepDefinitions.ProductDetails.i_navigate_to_the_homepage()"},"keyword":"Given "},{"result":{"duration":274437700,"status":"passed"},"line":5,"name":"I select a pet category \"Dogs\"","match":{"arguments":[{"val":"\"Dogs\"","offset":24}],"location":"com.JpetStore.stepDefinitions.ProductDetails.i_select_a_pet_category(java.lang.String)"},"keyword":"When "},{"result":{"duration":257981000,"status":"passed"},"line":6,"name":"I choose a product \"first\"","match":{"arguments":[{"val":"\"first\"","offset":19}],"location":"com.JpetStore.stepDefinitions.ProductDetails.i_choose_a_product(java.lang.String)"},"keyword":"And "},{"result":{"duration":399860700,"status":"passed"},"line":7,"name":"I choose an item \"first\"","match":{"arguments":[{"val":"\"first\"","offset":17}],"location":"com.JpetStore.stepDefinitions.ProductDetails.i_choose_a_item(java.lang.String)"},"keyword":"And "},{"result":{"duration":258031400,"status":"passed"},"line":8,"name":"I should see the product title, description, price, images, and availability","match":{"location":"com.JpetStore.stepDefinitions.ProductDetails.i_should_see_the_product_title_description_price_images_and_availability()"},"keyword":"And "},{"result":{"duration":273840700,"status":"passed"},"line":9,"name":"the product should be added to the cart","match":{"location":"com.JpetStore.stepDefinitions.ProductDetails.verifyProductAddedToCart()"},"keyword":"Then "}]}],"name":"Product Details Page Validation","description":"","id":"product-details-page-validation","keyword":"Feature","uri":"file:src/test/resources/features/ProductDetails.feature","tags":[]},{"line":1,"elements":[{"start_timestamp":"2025-03-21T09:13:38.997Z","before":[{"result":{"duration":1956858400,"status":"passed"},"match":{"location":"com.JpetStore.stepDefinitions.Hooks.beforeScenario(io.cucumber.java.Scenario)"}}],"line":2,"name":"Search for pets and verify results","description":"","id":"search-functionality;search-for-pets-and-verify-results","after":[{"result":{"duration":167176800,"status":"passed"},"match":{"location":"com.JpetStore.stepDefinitions.Hooks.afterScenario()"}}],"type":"scenario","keyword":"Scenario","steps":[{"result":{"duration":869170300,"status":"passed"},"line":3,"name":"I am on the JPetStore home page","match":{"location":"com.JpetStore.stepDefinitions.SearchFunctionality.i_am_on_the_j_pet_store_home_page()"},"keyword":"Given "},{"result":{"duration":353338600,"status":"passed"},"line":4,"name":"I search for \"Fish\"","match":{"arguments":[{"val":"\"Fish\"","offset":13}],"location":"com.JpetStore.stepDefinitions.SearchFunctionality.i_search_for(java.lang.String)"},"keyword":"When "},{"result":{"duration":205605700,"status":"passed"},"line":5,"name":"I should see search results related to pet","match":{"location":"com.JpetStore.stepDefinitions.SearchFunctionality.i_should_see_search_results_related_to_pet()"},"keyword":"Then "},{"result":{"duration":241297900,"status":"passed"},"line":6,"name":"I select a pet from searched result","match":{"location":"com.JpetStore.stepDefinitions.SearchFunctionality.i_select_a_pet_from_searched_result()"},"keyword":"And "},{"result":{"duration":143189100,"status":"passed"},"line":7,"name":"I get the price and description","match":{"location":"com.JpetStore.stepDefinitions.SearchFunctionality.i_get_the_price_and_description()"},"keyword":"And "},{"result":{"duration":387885300,"status":"passed"},"line":8,"name":"I add the product to cart","match":{"location":"com.JpetStore.stepDefinitions.SearchFunctionality.i_add_the_product_to_cart()"},"keyword":"Then "}]}],"name":"Search Functionality","description":"","id":"search-functionality","keyword":"Feature","uri":"file:src/test/resources/features/SearchFunctionality.feature","tags":[]},{"line":1,"elements":[{"start_timestamp":"2025-03-21T09:13:43.361Z","before":[{"result":{"duration":1905247800,"status":"passed"},"match":{"location":"com.JpetStore.stepDefinitions.Hooks.beforeScenario(io.cucumber.java.Scenario)"}}],"line":6,"name":"Complete shopping cart process","description":"","id":"shopping-cart-checkout-process;complete-shopping-cart-process","after":[{"result":{"duration":154772400,"status":"passed"},"match":{"location":"com.JpetStore.stepDefinitions.Hooks.afterScenario()"}}],"type":"scenario","keyword":"Scenario","steps":[{"result":{"duration":1777262100,"status":"passed"},"line":7,"name":"I enter the store and sign in","match":{"location":"com.JpetStore.stepDefinitions.ShoppingCart.i_enter_the_store_and_sign_in()"},"keyword":"Given "},{"result":{"duration":244788400,"status":"passed"},"line":8,"name":"I choose a pet \"fish\"","match":{"arguments":[{"val":"\"fish\"","offset":15}],"location":"com.JpetStore.stepDefinitions.ShoppingCart.i_choose_a_pet(java.lang.String)"},"keyword":"When "},{"result":{"duration":996443000,"status":"passed"},"line":9,"name":"I select a product \"first\", item \"first\" and add it to the cart","match":{"arguments":[{"val":"\"first\"","offset":19},{"val":"\"first\"","offset":33}],"location":"com.JpetStore.stepDefinitions.ShoppingCart.i_select_a_product_item_and_add_it_to_the_cart(java.lang.String,java.lang.String)"},"keyword":"And "},{"result":{"duration":514834600,"status":"passed"},"line":10,"name":"I return to the main menu and select another pet \"dogs\"","match":{"arguments":[{"val":"\"dogs\"","offset":49}],"location":"com.JpetStore.stepDefinitions.ShoppingCart.i_return_to_the_main_menu_and_select_another_pet(java.lang.String)"},"keyword":"And "},{"result":{"duration":885541600,"status":"passed"},"line":11,"name":"I select another product \"third\", item \"first\" and add it to the cart","match":{"arguments":[{"val":"\"third\"","offset":25},{"val":"\"first\"","offset":39}],"location":"com.JpetStore.stepDefinitions.ShoppingCart.i_select_another_product_item_and_add_it_to_the_cart(java.lang.String,java.lang.String)"},"keyword":"And "},{"result":{"duration":79517900,"status":"passed"},"line":12,"name":"I update the quantity of one product \"4\"","match":{"arguments":[{"val":"\"4\"","offset":37}],"location":"com.JpetStore.stepDefinitions.ShoppingCart.i_update_the_quantity_of_one_product(java.lang.String)"},"keyword":"And "},{"result":{"duration":249553300,"status":"passed"},"line":13,"name":"I remove one product from the cart","match":{"location":"com.JpetStore.stepDefinitions.ShoppingCart.i_remove_one_product_from_the_cart()"},"keyword":"And "},{"result":{"duration":651796900,"status":"passed"},"line":14,"name":"I proceed to checkout","match":{"location":"com.JpetStore.stepDefinitions.ShoppingCart.i_proceed_to_checkout()"},"keyword":"And "},{"result":{"duration":252027600,"status":"passed"},"line":15,"name":"I continue after address confirmation","match":{"location":"com.JpetStore.stepDefinitions.ShoppingCart.i_continue_after_address_confirmation()"},"keyword":"And "},{"result":{"duration":557283700,"status":"passed"},"line":16,"name":"I confirm and verify the order","match":{"location":"com.JpetStore.stepDefinitions.ShoppingCart.i_confirm_and_verify_the_order()"},"keyword":"Then "}]}],"name":"Shopping Cart Checkout Process","description":"  As a user\n  I want to add products to the cart, update the cart, and proceed to checkout\n  So that I can successfully place my order","id":"shopping-cart-checkout-process","keyword":"Feature","uri":"file:src/test/resources/features/ShoppingCart.feature","tags":[]},{"line":1,"elements":[{"line":3,"name":"","description":"","type":"background","keyword":"Background","steps":[{"result":{"duration":1109577400,"status":"passed"},"line":4,"name":"I navigate to the login page","match":{"location":"com.JpetStore.stepDefinitions.UserRegistration.i_navigate_to_the_login_page()"},"keyword":"Given "}]},{"start_timestamp":"2025-03-21T09:13:51.654Z","before":[{"result":{"duration":2011763500,"status":"passed"},"match":{"location":"com.JpetStore.stepDefinitions.Hooks.beforeScenario(io.cucumber.java.Scenario)"}}],"line":17,"name":"Login with valid credentials","description":"","id":"user-registration-and-authentication;login-with-valid-credentials;;2","after":[{"result":{"duration":139607300,"status":"passed"},"match":{"location":"com.JpetStore.stepDefinitions.Hooks.afterScenario()"}}],"type":"scenario","keyword":"Scenario","steps":[{"result":{"duration":562021600,"status":"passed"},"line":13,"name":"I enter valid credentials \"kamal2002\" and \"kamses2002\"","match":{"arguments":[{"val":"\"kamal2002\"","offset":26},{"val":"\"kamses2002\"","offset":42}],"location":"com.JpetStore.stepDefinitions.UserRegistration.i_enter_valid_credentials_and(java.lang.String,java.lang.String)"},"keyword":"When "},{"result":{"duration":38417800,"status":"passed"},"line":14,"name":"I should be logged in successfully","match":{"location":"com.JpetStore.stepDefinitions.UserRegistration.i_should_be_logged_in_successfully()"},"keyword":"Then "}],"tags":[{"name":"@validlogin"}]},{"line":3,"name":"","description":"","type":"background","keyword":"Background","steps":[{"result":{"duration":1084663000,"status":"passed"},"line":4,"name":"I navigate to the login page","match":{"location":"com.JpetStore.stepDefinitions.UserRegistration.i_navigate_to_the_login_page()"},"keyword":"Given "}]},{"start_timestamp":"2025-03-21T09:13:55.541Z","before":[{"result":{"duration":1805195200,"status":"passed"},"match":{"location":"com.JpetStore.stepDefinitions.Hooks.beforeScenario(io.cucumber.java.Scenario)"}}],"line":20,"name":"Login with invalid credentials","description":"","id":"user-registration-and-authentication;login-with-invalid-credentials","after":[{"result":{"duration":166742700,"status":"passed"},"match":{"location":"com.JpetStore.stepDefinitions.Hooks.afterScenario()"}}],"type":"scenario","keyword":"Scenario","steps":[{"result":{"duration":352787500,"status":"passed"},"line":21,"name":"I enter invalid credentials \"user\" and \"password\"","match":{"arguments":[{"val":"\"user\"","offset":28},{"val":"\"password\"","offset":39}],"location":"com.JpetStore.stepDefinitions.UserRegistration.i_enter_invalid_credentials_and(java.lang.String,java.lang.String)"},"keyword":"When "},{"result":{"duration":41937100,"status":"passed"},"line":22,"name":"I should see an error message \"Invalid username or password. Signon failed.\"","match":{"arguments":[{"val":"\"Invalid username or password. Signon failed.\"","offset":30}],"location":"com.JpetStore.stepDefinitions.UserRegistration.i_should_see_an_error_message(java.lang.String)"},"keyword":"Then "}],"tags":[{"name":"@invalidlogin"}]},{"line":3,"name":"","description":"","type":"background","keyword":"Background","steps":[{"result":{"duration":1020734000,"status":"passed"},"line":4,"name":"I navigate to the login page","match":{"location":"com.JpetStore.stepDefinitions.UserRegistration.i_navigate_to_the_login_page()"},"keyword":"Given "}]},{"start_timestamp":"2025-03-21T09:13:59.002Z","before":[{"result":{"duration":1846081000,"status":"passed"},"match":{"location":"com.JpetStore.stepDefinitions.Hooks.beforeScenario(io.cucumber.java.Scenario)"}}],"line":25,"name":"Login with empty fields","description":"","id":"user-registration-and-authentication;login-with-empty-fields","after":[{"result":{"duration":138678300,"status":"passed"},"match":{"location":"com.JpetStore.stepDefinitions.Hooks.afterScenario()"}}],"type":"scenario","keyword":"Scenario","steps":[{"result":{"duration":334534900,"status":"passed"},"line":26,"name":"I try to log in with empty username and password fields \"\" and \"\"","match":{"arguments":[{"val":"\"\"","offset":56},{"val":"\"\"","offset":63}],"location":"com.JpetStore.stepDefinitions.UserRegistration.i_try_to_log_in_with_empty_username_and_password_fields_and(java.lang.String,java.lang.String)"},"keyword":"When "},{"result":{"duration":52587500,"status":"passed"},"line":27,"name":"I should see error message \"Please enter your username and password.\"","match":{"arguments":[{"val":"\"Please enter your username and password.\"","offset":27}],"location":"com.JpetStore.stepDefinitions.UserRegistration.i_should_see_error_message(java.lang.String)"},"keyword":"Then "}],"tags":[{"name":"@emptyfields"}]},{"line":3,"name":"","description":"","type":"background","keyword":"Background","steps":[{"result":{"duration":1115808200,"status":"passed"},"line":4,"name":"I navigate to the login page","match":{"location":"com.JpetStore.stepDefinitions.UserRegistration.i_navigate_to_the_login_page()"},"keyword":"Given "}]},{"start_timestamp":"2025-03-21T09:14:02.418Z","before":[{"result":{"duration":1916885700,"status":"passed"},"match":{"location":"com.JpetStore.stepDefinitions.Hooks.beforeScenario(io.cucumber.java.Scenario)"}}],"line":30,"name":"Password recovery","description":"","id":"user-registration-and-authentication;password-recovery","after":[{"result":{"duration":815661200,"status":"passed"},"match":{"location":"com.JpetStore.stepDefinitions.Hooks.afterScenario()"}}],"type":"scenario","keyword":"Scenario","steps":[{"result":{"duration":10268168100,"status":"passed"},"line":31,"name":"I navigate to the password recovery page","match":{"location":"com.JpetStore.stepDefinitions.UserRegistration.i_navigate_to_the_password_recovery_page()"},"keyword":"Given "},{"result":{"status":"passed"},"line":32,"name":"I enter my registered email and submit the request","match":{"location":"com.JpetStore.stepDefinitions.UserRegistration.i_enter_my_registered_email_and_submit_the_request()"},"keyword":"When "},{"result":{"status":"passed"},"line":33,"name":"I should receive a password reset link in my email","match":{"location":"com.JpetStore.stepDefinitions.UserRegistration.i_should_receive_a_password_reset_link_in_my_email()"},"keyword":"Then "}],"tags":[{"name":"@recoverPassword"}]}],"name":"User Registration and Authentication","description":"","id":"user-registration-and-authentication","keyword":"Feature","uri":"file:src/test/resources/features/UserRegistration.feature","tags":[]}]